Treatment_Effect,Std_Error,T_Stat,P_Value,CI_Lower,CI_Upper,N_Obs,N_Companies
0.45453436051123597,0.1288984869093445,3.52629709944473,0.0004225991841384502,0.20189332616892075,0.7071753948535512,17802,71
